firstname,lastname,email,group_name
Tetyana,Onysko,TetyanaOnysko511@gmail.com,
Taras,Mykytyuk,TarasMykytyuk1233@gmail.com,
Nadia,Padalko,NadiaPadalko1984@gmail.com,
Vira,Ilchuk,ViraIlchuk1784@gmail.com,
Ilona,Telesyk,IlonaTelesyk1996@gmail.com,
Iryna,Galushko,IrynaGalushko63@gmail.com,
Iryna,Galushko,IrynaGalushko758@gmail.com,
Vira,Kotenko,ViraKotenko1879@gmail.com,
Danylo,Mykytyuk,DanyloMykytyuk1083@gmail.com,
Ilona,Ostafiychuk,IlonaOstafiychuk1913@gmail.com,
