firstname,lastname,email,group_name
Iryna,Telesyk,IrynaTelesyk1266@gmail.com,
Taras,Ilchuk,TarasIlchuk127@gmail.com,
Ilona,Mykytyuk,IlonaMykytyuk223@gmail.com,
Taras,Ostafiychuk,TarasOstafiychuk1448@gmail.com,
Vira,Onysko,ViraOnysko1277@gmail.com,
Ilona,Ivanchenko,IlonaIvanchenko1179@gmail.com,
Maria,Galushko,MariaGalushko626@gmail.com,
Mykola,Kotenko,MykolaKotenko1360@gmail.com,
Ilona,Didenko,IlonaDidenko1478@gmail.com,
Denys,Didenko,DenysDidenko681@gmail.com,
