firstname,lastname,email,group_name
Vira,Ostafiychuk,ViraOstafiychuk455@gmail.com,
Mykola,Telesyk,MykolaTelesyk1935@gmail.com,
Iryna,Ivanchenko,IrynaIvanchenko1010@gmail.com,
Oleksiy,Galushko,OleksiyGalushko1869@gmail.com,
Lyubov,Telesyk,LyubovTelesyk600@gmail.com,
Mykola,Didenko,MykolaDidenko1437@gmail.com,
Ilona,Mykytyuk,IlonaMykytyuk1876@gmail.com,
Ilona,Telesyk,IlonaTelesyk1097@gmail.com,
Taras,Ostafiychuk,TarasOstafiychuk643@gmail.com,
Taras,Telesyk,TarasTelesyk1703@gmail.com,
